run_mode,n_turns,n_particles_global,mpi_ranks,num_threads,median_time_seconds,memory_bytes,allocations,total_flops,gflops_rate,flops_per_particle_turn,time_per_particle_turn,filename,log_file
MPI,100,100000,16,1,0.018345,2579496.96,25057.0,,,,1.8345e-09,turns1e2_particles1e5_mpi16_threads1.log,logs/mpi_run/turns1e2_particles1e5_mpi16_threads1.log
MPI,100,100000,16,16,0.133643,2579496.96,25057.0,,,,1.3364300000000001e-08,turns1e2_particles1e5_mpi16_threads16.log,logs/mpi_run/turns1e2_particles1e5_mpi16_threads16.log
MPI,100,100000,16,2,0.017408999999999997,2579496.96,25057.0,,,,1.7408999999999996e-09,turns1e2_particles1e5_mpi16_threads2.log,logs/mpi_run/turns1e2_particles1e5_mpi16_threads2.log
MPI,100,100000,16,32,0.179625,2579496.96,25057.0,,,,1.79625e-08,turns1e2_particles1e5_mpi16_threads32.log,logs/mpi_run/turns1e2_particles1e5_mpi16_threads32.log
MPI,100,100000,16,4,0.018477,2579496.96,25057.0,,,,1.8477e-09,turns1e2_particles1e5_mpi16_threads4.log,logs/mpi_run/turns1e2_particles1e5_mpi16_threads4.log
MPI,100,100000,16,8,0.019571,2579496.96,25057.0,,,,1.9571e-09,turns1e2_particles1e5_mpi16_threads8.log,logs/mpi_run/turns1e2_particles1e5_mpi16_threads8.log
MPI,100,100000,1,1,0.11424200000000001,1855979.52,13012.0,,,,1.1424200000000001e-08,turns1e2_particles1e5_mpi1_threads1.log,logs/mpi_run/turns1e2_particles1e5_mpi1_threads1.log
MPI,100,100000,1,128,0.11687600000000001,1855979.52,13012.0,,,,1.16876e-08,turns1e2_particles1e5_mpi1_threads128.log,logs/mpi_run/turns1e2_particles1e5_mpi1_threads128.log
MPI,100,100000,1,16,0.113319,1855979.52,13012.0,,,,1.13319e-08,turns1e2_particles1e5_mpi1_threads16.log,logs/mpi_run/turns1e2_particles1e5_mpi1_threads16.log
MPI,100,100000,1,2,0.11595699999999999,1855979.52,13012.0,,,,1.1595699999999999e-08,turns1e2_particles1e5_mpi1_threads2.log,logs/mpi_run/turns1e2_particles1e5_mpi1_threads2.log
MPI,100,100000,1,32,0.11547199999999999,1855979.52,13012.0,,,,1.1547199999999998e-08,turns1e2_particles1e5_mpi1_threads32.log,logs/mpi_run/turns1e2_particles1e5_mpi1_threads32.log
MPI,100,100000,1,4,0.119117,1855979.52,13012.0,,,,1.19117e-08,turns1e2_particles1e5_mpi1_threads4.log,logs/mpi_run/turns1e2_particles1e5_mpi1_threads4.log
MPI,100,100000,1,64,0.115365,1855979.52,13012.0,,,,1.1536499999999999e-08,turns1e2_particles1e5_mpi1_threads64.log,logs/mpi_run/turns1e2_particles1e5_mpi1_threads64.log
MPI,100,100000,1,8,0.116366,1855979.52,13012.0,,,,1.16366e-08,turns1e2_particles1e5_mpi1_threads8.log,logs/mpi_run/turns1e2_particles1e5_mpi1_threads8.log
MPI,100,100000,2,1,0.062168,1897922.56,13815.0,,,,6.2168e-09,turns1e2_particles1e5_mpi2_threads1.log,logs/mpi_run/turns1e2_particles1e5_mpi2_threads1.log
MPI,100,100000,2,128,0.189861,1897922.56,13815.0,,,,1.89861e-08,turns1e2_particles1e5_mpi2_threads128.log,logs/mpi_run/turns1e2_particles1e5_mpi2_threads128.log
MPI,100,100000,2,16,0.060372,1897922.56,13815.0,,,,6.037200000000001e-09,turns1e2_particles1e5_mpi2_threads16.log,logs/mpi_run/turns1e2_particles1e5_mpi2_threads16.log
MPI,100,100000,2,2,0.064176,1897922.56,13815.0,,,,6.4176e-09,turns1e2_particles1e5_mpi2_threads2.log,logs/mpi_run/turns1e2_particles1e5_mpi2_threads2.log
MPI,100,100000,2,32,0.065271,1897922.56,13815.0,,,,6.5271e-09,turns1e2_particles1e5_mpi2_threads32.log,logs/mpi_run/turns1e2_particles1e5_mpi2_threads32.log
MPI,100,100000,2,4,0.060106,1897922.56,13815.0,,,,6.0106e-09,turns1e2_particles1e5_mpi2_threads4.log,logs/mpi_run/turns1e2_particles1e5_mpi2_threads4.log
MPI,100,100000,2,64,0.065709,1897922.56,13815.0,,,,6.5709e-09,turns1e2_particles1e5_mpi2_threads64.log,logs/mpi_run/turns1e2_particles1e5_mpi2_threads64.log
MPI,100,100000,2,8,0.062493,1897922.56,13815.0,,,,6.2493e-09,turns1e2_particles1e5_mpi2_threads8.log,logs/mpi_run/turns1e2_particles1e5_mpi2_threads8.log
MPI,100,100000,32,1,0.017214,3344957.44,37905.0,,,,1.7214e-09,turns1e2_particles1e5_mpi32_threads1.log,logs/mpi_run/turns1e2_particles1e5_mpi32_threads1.log
MPI,100,100000,32,16,0.189282,3344957.44,37905.0,,,,1.89282e-08,turns1e2_particles1e5_mpi32_threads16.log,logs/mpi_run/turns1e2_particles1e5_mpi32_threads16.log
MPI,100,100000,32,2,0.017939,3344957.44,37905.0,,,,1.7939e-09,turns1e2_particles1e5_mpi32_threads2.log,logs/mpi_run/turns1e2_particles1e5_mpi32_threads2.log
MPI,100,100000,32,4,0.018969,3344957.44,37905.0,,,,1.8969e-09,turns1e2_particles1e5_mpi32_threads4.log,logs/mpi_run/turns1e2_particles1e5_mpi32_threads4.log
MPI,100,100000,32,8,0.14369900000000002,3344957.44,37905.0,,,,1.4369900000000002e-08,turns1e2_particles1e5_mpi32_threads8.log,logs/mpi_run/turns1e2_particles1e5_mpi32_threads8.log
MPI,100,100000,4,1,0.034918,2002780.16,15421.0,,,,3.4918e-09,turns1e2_particles1e5_mpi4_threads1.log,logs/mpi_run/turns1e2_particles1e5_mpi4_threads1.log
MPI,100,100000,4,128,0.195189,2002780.16,15421.0,,,,1.95189e-08,turns1e2_particles1e5_mpi4_threads128.log,logs/mpi_run/turns1e2_particles1e5_mpi4_threads128.log
MPI,100,100000,4,16,0.034175,2002780.16,15421.0,,,,3.4175e-09,turns1e2_particles1e5_mpi4_threads16.log,logs/mpi_run/turns1e2_particles1e5_mpi4_threads16.log
MPI,100,100000,4,2,0.038263,2002780.16,15421.0,,,,3.8262999999999995e-09,turns1e2_particles1e5_mpi4_threads2.log,logs/mpi_run/turns1e2_particles1e5_mpi4_threads2.log
MPI,100,100000,4,32,0.037874000000000005,2002780.16,15421.0,,,,3.7874e-09,turns1e2_particles1e5_mpi4_threads32.log,logs/mpi_run/turns1e2_particles1e5_mpi4_threads32.log
MPI,100,100000,4,4,0.034207,2002780.16,15421.0,,,,3.4207e-09,turns1e2_particles1e5_mpi4_threads4.log,logs/mpi_run/turns1e2_particles1e5_mpi4_threads4.log
MPI,100,100000,4,64,0.143225,2002780.16,15421.0,,,,1.43225e-08,turns1e2_particles1e5_mpi4_threads64.log,logs/mpi_run/turns1e2_particles1e5_mpi4_threads64.log
MPI,100,100000,4,8,0.0344,2002780.16,15421.0,,,,3.44e-09,turns1e2_particles1e5_mpi4_threads8.log,logs/mpi_run/turns1e2_particles1e5_mpi4_threads8.log
MPI,100,100000,64,1,0.021311,4886364.16,63601.0,,,,2.1311e-09,turns1e2_particles1e5_mpi64_threads1.log,logs/mpi_run/turns1e2_particles1e5_mpi64_threads1.log
MPI,100,100000,64,2,0.023339,4886364.16,63601.0,,,,2.3339e-09,turns1e2_particles1e5_mpi64_threads2.log,logs/mpi_run/turns1e2_particles1e5_mpi64_threads2.log
MPI,100,100000,64,4,0.171466,4886364.16,63601.0,,,,1.71466e-08,turns1e2_particles1e5_mpi64_threads4.log,logs/mpi_run/turns1e2_particles1e5_mpi64_threads4.log
MPI,100,100000,64,8,0.214448,4886364.16,63601.0,,,,2.14448e-08,turns1e2_particles1e5_mpi64_threads8.log,logs/mpi_run/turns1e2_particles1e5_mpi64_threads8.log
MPI,100,100000,8,1,0.023282,2191523.84,18633.0,,,,2.3282e-09,turns1e2_particles1e5_mpi8_threads1.log,logs/mpi_run/turns1e2_particles1e5_mpi8_threads1.log
MPI,100,100000,8,16,0.025828,2191523.84,18633.0,,,,2.5828000000000002e-09,turns1e2_particles1e5_mpi8_threads16.log,logs/mpi_run/turns1e2_particles1e5_mpi8_threads16.log
MPI,100,100000,8,2,0.026023,2191523.84,18633.0,,,,2.6023e-09,turns1e2_particles1e5_mpi8_threads2.log,logs/mpi_run/turns1e2_particles1e5_mpi8_threads2.log
MPI,100,100000,8,32,0.128749,2191523.84,18633.0,,,,1.28749e-08,turns1e2_particles1e5_mpi8_threads32.log,logs/mpi_run/turns1e2_particles1e5_mpi8_threads32.log
MPI,100,100000,8,4,0.022381,2191523.84,18633.0,,,,2.2381e-09,turns1e2_particles1e5_mpi8_threads4.log,logs/mpi_run/turns1e2_particles1e5_mpi8_threads4.log
MPI,100,100000,8,64,0.186891,2191523.84,18633.0,,,,1.86891e-08,turns1e2_particles1e5_mpi8_threads64.log,logs/mpi_run/turns1e2_particles1e5_mpi8_threads64.log
MPI,100,100000,8,8,0.022229,2191523.84,18633.0,,,,2.2229e-09,turns1e2_particles1e5_mpi8_threads8.log,logs/mpi_run/turns1e2_particles1e5_mpi8_threads8.log
MPI,100,1000000,16,1,0.356238,30219960.32,217060.0,,,,3.56238e-09,turns1e2_particles1e6_mpi16_threads1.log,logs/mpi_run/turns1e2_particles1e6_mpi16_threads1.log
MPI,100,1000000,16,16,1.376,30219960.32,217060.0,,,,1.3759999999999999e-08,turns1e2_particles1e6_mpi16_threads16.log,logs/mpi_run/turns1e2_particles1e6_mpi16_threads16.log
MPI,100,1000000,16,2,0.248887,30219960.32,217060.0,,,,2.48887e-09,turns1e2_particles1e6_mpi16_threads2.log,logs/mpi_run/turns1e2_particles1e6_mpi16_threads2.log
MPI,100,1000000,16,32,1.829,30219960.32,217060.0,,,,1.829e-08,turns1e2_particles1e6_mpi16_threads32.log,logs/mpi_run/turns1e2_particles1e6_mpi16_threads32.log
MPI,100,1000000,16,4,0.228367,30219960.32,217060.0,,,,2.28367e-09,turns1e2_particles1e6_mpi16_threads4.log,logs/mpi_run/turns1e2_particles1e6_mpi16_threads4.log
MPI,100,1000000,16,8,0.225964,30219960.32,217060.0,,,,2.25964e-09,turns1e2_particles1e6_mpi16_threads8.log,logs/mpi_run/turns1e2_particles1e6_mpi16_threads8.log
MPI,100,1000000,1,1,1.549,29496442.88,205010.0,,,,1.549e-08,turns1e2_particles1e6_mpi1_threads1.log,logs/mpi_run/turns1e2_particles1e6_mpi1_threads1.log
MPI,100,1000000,1,128,1.595,29496442.88,205010.0,,,,1.595e-08,turns1e2_particles1e6_mpi1_threads128.log,logs/mpi_run/turns1e2_particles1e6_mpi1_threads128.log
MPI,100,1000000,1,16,1.552,29496442.88,205010.0,,,,1.552e-08,turns1e2_particles1e6_mpi1_threads16.log,logs/mpi_run/turns1e2_particles1e6_mpi1_threads16.log
MPI,100,1000000,1,2,1.55,29496442.88,205010.0,,,,1.55e-08,turns1e2_particles1e6_mpi1_threads2.log,logs/mpi_run/turns1e2_particles1e6_mpi1_threads2.log
MPI,100,1000000,1,32,1.585,29496442.88,205010.0,,,,1.585e-08,turns1e2_particles1e6_mpi1_threads32.log,logs/mpi_run/turns1e2_particles1e6_mpi1_threads32.log
MPI,100,1000000,1,4,1.679,29496442.88,205010.0,,,,1.679e-08,turns1e2_particles1e6_mpi1_threads4.log,logs/mpi_run/turns1e2_particles1e6_mpi1_threads4.log
MPI,100,1000000,1,64,1.558,29496442.88,205010.0,,,,1.558e-08,turns1e2_particles1e6_mpi1_threads64.log,logs/mpi_run/turns1e2_particles1e6_mpi1_threads64.log
MPI,100,1000000,1,8,1.548,29496442.88,205010.0,,,,1.548e-08,turns1e2_particles1e6_mpi1_threads8.log,logs/mpi_run/turns1e2_particles1e6_mpi1_threads8.log
MPI,100,1000000,2,1,1.008,29548871.68,205820.0,,,,1.008e-08,turns1e2_particles1e6_mpi2_threads1.log,logs/mpi_run/turns1e2_particles1e6_mpi2_threads1.log
MPI,100,1000000,2,128,1.757,29548871.68,205820.0,,,,1.7569999999999998e-08,turns1e2_particles1e6_mpi2_threads128.log,logs/mpi_run/turns1e2_particles1e6_mpi2_threads128.log
MPI,100,1000000,2,16,0.780664,29548871.68,205820.0,,,,7.80664e-09,turns1e2_particles1e6_mpi2_threads16.log,logs/mpi_run/turns1e2_particles1e6_mpi2_threads16.log
MPI,100,1000000,2,2,1.011,29548871.68,205820.0,,,,1.011e-08,turns1e2_particles1e6_mpi2_threads2.log,logs/mpi_run/turns1e2_particles1e6_mpi2_threads2.log
MPI,100,1000000,2,32,0.785274,29548871.68,205820.0,,,,7.85274e-09,turns1e2_particles1e6_mpi2_threads32.log,logs/mpi_run/turns1e2_particles1e6_mpi2_threads32.log
MPI,100,1000000,2,4,0.8694189999999999,29548871.68,205820.0,,,,8.69419e-09,turns1e2_particles1e6_mpi2_threads4.log,logs/mpi_run/turns1e2_particles1e6_mpi2_threads4.log
MPI,100,1000000,2,64,0.780417,29548871.68,205820.0,,,,7.80417e-09,turns1e2_particles1e6_mpi2_threads64.log,logs/mpi_run/turns1e2_particles1e6_mpi2_threads64.log
MPI,100,1000000,2,8,0.855606,29548871.68,205820.0,,,,8.55606e-09,turns1e2_particles1e6_mpi2_threads8.log,logs/mpi_run/turns1e2_particles1e6_mpi2_threads8.log
MPI,100,1000000,32,1,0.22122999999999998,30995906.56,229900.0,,,,2.2123e-09,turns1e2_particles1e6_mpi32_threads1.log,logs/mpi_run/turns1e2_particles1e6_mpi32_threads1.log
MPI,100,1000000,32,16,2.094,30995906.56,229900.0,,,,2.0939999999999998e-08,turns1e2_particles1e6_mpi32_threads16.log,logs/mpi_run/turns1e2_particles1e6_mpi32_threads16.log
MPI,100,1000000,32,2,0.213083,30995906.56,229900.0,,,,2.1308299999999998e-09,turns1e2_particles1e6_mpi32_threads2.log,logs/mpi_run/turns1e2_particles1e6_mpi32_threads2.log
MPI,100,1000000,32,4,0.201254,30995906.56,229900.0,,,,2.0125399999999998e-09,turns1e2_particles1e6_mpi32_threads4.log,logs/mpi_run/turns1e2_particles1e6_mpi32_threads4.log
MPI,100,1000000,32,8,1.858,30995906.56,229900.0,,,,1.858e-08,turns1e2_particles1e6_mpi32_threads8.log,logs/mpi_run/turns1e2_particles1e6_mpi32_threads8.log
MPI,100,1000000,4,1,0.795817,29643243.52,207420.0,,,,7.95817e-09,turns1e2_particles1e6_mpi4_threads1.log,logs/mpi_run/turns1e2_particles1e6_mpi4_threads1.log
MPI,100,1000000,4,128,1.912,29643243.52,207420.0,,,,1.912e-08,turns1e2_particles1e6_mpi4_threads128.log,logs/mpi_run/turns1e2_particles1e6_mpi4_threads128.log
MPI,100,1000000,4,16,0.437448,29643243.52,207420.0,,,,4.37448e-09,turns1e2_particles1e6_mpi4_threads16.log,logs/mpi_run/turns1e2_particles1e6_mpi4_threads16.log
MPI,100,1000000,4,2,0.676274,29643243.52,207420.0,,,,6.7627400000000006e-09,turns1e2_particles1e6_mpi4_threads2.log,logs/mpi_run/turns1e2_particles1e6_mpi4_threads2.log
MPI,100,1000000,4,32,0.444084,29643243.52,207420.0,,,,4.44084e-09,turns1e2_particles1e6_mpi4_threads32.log,logs/mpi_run/turns1e2_particles1e6_mpi4_threads32.log
MPI,100,1000000,4,4,0.44765699999999997,29643243.52,207420.0,,,,4.4765699999999996e-09,turns1e2_particles1e6_mpi4_threads4.log,logs/mpi_run/turns1e2_particles1e6_mpi4_threads4.log
MPI,100,1000000,4,64,1.403,29643243.52,207420.0,,,,1.403e-08,turns1e2_particles1e6_mpi4_threads64.log,logs/mpi_run/turns1e2_particles1e6_mpi4_threads64.log
MPI,100,1000000,4,8,0.443523,29643243.52,207420.0,,,,4.43523e-09,turns1e2_particles1e6_mpi4_threads8.log,logs/mpi_run/turns1e2_particles1e6_mpi4_threads8.log
MPI,100,1000000,8,1,0.6048920000000001,29842472.96,210630.0,,,,6.048920000000001e-09,turns1e2_particles1e6_mpi8_threads1.log,logs/mpi_run/turns1e2_particles1e6_mpi8_threads1.log
MPI,100,1000000,8,16,0.29642399999999997,29842472.96,210630.0,,,,2.9642399999999997e-09,turns1e2_particles1e6_mpi8_threads16.log,logs/mpi_run/turns1e2_particles1e6_mpi8_threads16.log
MPI,100,1000000,8,2,0.364037,29842472.96,210630.0,,,,3.64037e-09,turns1e2_particles1e6_mpi8_threads2.log,logs/mpi_run/turns1e2_particles1e6_mpi8_threads2.log
MPI,100,1000000,8,32,1.462,29842472.96,210630.0,,,,1.462e-08,turns1e2_particles1e6_mpi8_threads32.log,logs/mpi_run/turns1e2_particles1e6_mpi8_threads32.log
MPI,100,1000000,8,4,0.285806,29842472.96,210630.0,,,,2.85806e-09,turns1e2_particles1e6_mpi8_threads4.log,logs/mpi_run/turns1e2_particles1e6_mpi8_threads4.log
MPI,100,1000000,8,64,1.727,29842472.96,210630.0,,,,1.7270000000000002e-08,turns1e2_particles1e6_mpi8_threads64.log,logs/mpi_run/turns1e2_particles1e6_mpi8_threads64.log
MPI,100,1000000,8,8,0.279694,29842472.96,210630.0,,,,2.79694e-09,turns1e2_particles1e6_mpi8_threads8.log,logs/mpi_run/turns1e2_particles1e6_mpi8_threads8.log
MPI,100,10000000,16,1,9.143,236663603.2,1650700.0,,,,9.143000000000001e-09,turns1e2_particles1e7_mpi16_threads1.log,logs/mpi_run/turns1e2_particles1e7_mpi16_threads1.log
MPI,100,10000000,16,16,9.878,236663603.2,1650700.0,,,,9.878000000000001e-09,turns1e2_particles1e7_mpi16_threads16.log,logs/mpi_run/turns1e2_particles1e7_mpi16_threads16.log
MPI,100,10000000,16,2,4.59,236663603.2,1650700.0,,,,4.59e-09,turns1e2_particles1e7_mpi16_threads2.log,logs/mpi_run/turns1e2_particles1e7_mpi16_threads2.log
MPI,100,10000000,16,32,13.652,236663603.2,1650700.0,,,,1.3651999999999999e-08,turns1e2_particles1e7_mpi16_threads32.log,logs/mpi_run/turns1e2_particles1e7_mpi16_threads32.log
MPI,100,10000000,16,4,2.938,236663603.2,1650700.0,,,,2.938e-09,turns1e2_particles1e7_mpi16_threads4.log,logs/mpi_run/turns1e2_particles1e7_mpi16_threads4.log
MPI,100,10000000,16,8,2.755,236663603.2,1650700.0,,,,2.7549999999999997e-09,turns1e2_particles1e7_mpi16_threads8.log,logs/mpi_run/turns1e2_particles1e7_mpi16_threads8.log
MPI,100,10000000,1,1,18.363,235940085.76,1638600.0,,,,1.8363e-08,turns1e2_particles1e7_mpi1_threads1.log,logs/mpi_run/turns1e2_particles1e7_mpi1_threads1.log
MPI,100,10000000,1,128,18.003,235940085.76,1638600.0,,,,1.8003e-08,turns1e2_particles1e7_mpi1_threads128.log,logs/mpi_run/turns1e2_particles1e7_mpi1_threads128.log
MPI,100,10000000,1,16,17.834,235940085.76,1638600.0,,,,1.7834e-08,turns1e2_particles1e7_mpi1_threads16.log,logs/mpi_run/turns1e2_particles1e7_mpi1_threads16.log
MPI,100,10000000,1,2,17.848,235940085.76,1638600.0,,,,1.7848e-08,turns1e2_particles1e7_mpi1_threads2.log,logs/mpi_run/turns1e2_particles1e7_mpi1_threads2.log
MPI,100,10000000,1,32,18.171,235940085.76,1638600.0,,,,1.8170999999999998e-08,turns1e2_particles1e7_mpi1_threads32.log,logs/mpi_run/turns1e2_particles1e7_mpi1_threads32.log
MPI,100,10000000,1,4,18.144,235940085.76,1638600.0,,,,1.8143999999999997e-08,turns1e2_particles1e7_mpi1_threads4.log,logs/mpi_run/turns1e2_particles1e7_mpi1_threads4.log
MPI,100,10000000,1,64,18.269,235940085.76,1638600.0,,,,1.8269e-08,turns1e2_particles1e7_mpi1_threads64.log,logs/mpi_run/turns1e2_particles1e7_mpi1_threads64.log
MPI,100,10000000,1,8,18.496,235940085.76,1638600.0,,,,1.8496e-08,turns1e2_particles1e7_mpi1_threads8.log,logs/mpi_run/turns1e2_particles1e7_mpi1_threads8.log
MPI,100,10000000,2,1,12.324,235992514.56,1639400.0,,,,1.2324e-08,turns1e2_particles1e7_mpi2_threads1.log,logs/mpi_run/turns1e2_particles1e7_mpi2_threads1.log
MPI,100,10000000,2,128,16.868,235992514.56,1639400.0,,,,1.6868e-08,turns1e2_particles1e7_mpi2_threads128.log,logs/mpi_run/turns1e2_particles1e7_mpi2_threads128.log
MPI,100,10000000,2,16,12.259,235992514.56,1639400.0,,,,1.2259e-08,turns1e2_particles1e7_mpi2_threads16.log,logs/mpi_run/turns1e2_particles1e7_mpi2_threads16.log
MPI,100,10000000,2,2,12.327,235992514.56,1639400.0,,,,1.2327e-08,turns1e2_particles1e7_mpi2_threads2.log,logs/mpi_run/turns1e2_particles1e7_mpi2_threads2.log
MPI,100,10000000,2,32,11.891,235992514.56,1639400.0,,,,1.1891e-08,turns1e2_particles1e7_mpi2_threads32.log,logs/mpi_run/turns1e2_particles1e7_mpi2_threads32.log
MPI,100,10000000,2,4,12.261,235992514.56,1639400.0,,,,1.2261e-08,turns1e2_particles1e7_mpi2_threads4.log,logs/mpi_run/turns1e2_particles1e7_mpi2_threads4.log
MPI,100,10000000,2,64,9.839,235992514.56,1639400.0,,,,9.839e-09,turns1e2_particles1e7_mpi2_threads64.log,logs/mpi_run/turns1e2_particles1e7_mpi2_threads64.log
MPI,100,10000000,2,8,11.695,235992514.56,1639400.0,,,,1.1695e-08,turns1e2_particles1e7_mpi2_threads8.log,logs/mpi_run/turns1e2_particles1e7_mpi2_threads8.log
MPI,100,10000000,32,1,5.149,237439549.44,1663500.0,,,,5.149e-09,turns1e2_particles1e7_mpi32_threads1.log,logs/mpi_run/turns1e2_particles1e7_mpi32_threads1.log
MPI,100,10000000,32,16,13.212,237439549.44,1663500.0,,,,1.3212e-08,turns1e2_particles1e7_mpi32_threads16.log,logs/mpi_run/turns1e2_particles1e7_mpi32_threads16.log
MPI,100,10000000,32,2,2.945,237439549.44,1663500.0,,,,2.9449999999999997e-09,turns1e2_particles1e7_mpi32_threads2.log,logs/mpi_run/turns1e2_particles1e7_mpi32_threads2.log
MPI,100,10000000,32,4,2.486,237439549.44,1663500.0,,,,2.4860000000000003e-09,turns1e2_particles1e7_mpi32_threads4.log,logs/mpi_run/turns1e2_particles1e7_mpi32_threads4.log
MPI,100,10000000,32,8,9.616,237439549.44,1663500.0,,,,9.616e-09,turns1e2_particles1e7_mpi32_threads8.log,logs/mpi_run/turns1e2_particles1e7_mpi32_threads8.log
MPI,100,10000000,4,1,10.575,236086886.4,1641000.0,,,,1.0574999999999999e-08,turns1e2_particles1e7_mpi4_threads1.log,logs/mpi_run/turns1e2_particles1e7_mpi4_threads1.log
MPI,100,10000000,4,128,17.016,236086886.4,1641000.0,,,,1.7015999999999998e-08,turns1e2_particles1e7_mpi4_threads128.log,logs/mpi_run/turns1e2_particles1e7_mpi4_threads128.log
MPI,100,10000000,4,16,6.496,236086886.4,1641000.0,,,,6.496000000000001e-09,turns1e2_particles1e7_mpi4_threads16.log,logs/mpi_run/turns1e2_particles1e7_mpi4_threads16.log
MPI,100,10000000,4,2,10.377,236086886.4,1641000.0,,,,1.0377000000000001e-08,turns1e2_particles1e7_mpi4_threads2.log,logs/mpi_run/turns1e2_particles1e7_mpi4_threads2.log
MPI,100,10000000,4,32,5.75,236086886.4,1641000.0,,,,5.75e-09,turns1e2_particles1e7_mpi4_threads32.log,logs/mpi_run/turns1e2_particles1e7_mpi4_threads32.log
MPI,100,10000000,4,4,9.379,236086886.4,1641000.0,,,,9.378999999999999e-09,turns1e2_particles1e7_mpi4_threads4.log,logs/mpi_run/turns1e2_particles1e7_mpi4_threads4.log
MPI,100,10000000,4,64,12.735,236086886.4,1641000.0,,,,1.2735e-08,turns1e2_particles1e7_mpi4_threads64.log,logs/mpi_run/turns1e2_particles1e7_mpi4_threads64.log
MPI,100,10000000,4,8,9.138,236086886.4,1641000.0,,,,9.138e-09,turns1e2_particles1e7_mpi4_threads8.log,logs/mpi_run/turns1e2_particles1e7_mpi4_threads8.log
MPI,100,10000000,64,1,,,,,,,,turns1e2_particles1e7_mpi64_threads1.log,logs/mpi_run/turns1e2_particles1e7_mpi64_threads1.log
MPI,100,10000000,64,2,,,,,,,,turns1e2_particles1e7_mpi64_threads2.log,logs/mpi_run/turns1e2_particles1e7_mpi64_threads2.log
MPI,100,10000000,64,4,9.08,238980956.16,1689200.0,,,,9.08e-09,turns1e2_particles1e7_mpi64_threads4.log,logs/mpi_run/turns1e2_particles1e7_mpi64_threads4.log
MPI,100,10000000,64,8,13.347,238980956.16,1689200.0,,,,1.3347e-08,turns1e2_particles1e7_mpi64_threads8.log,logs/mpi_run/turns1e2_particles1e7_mpi64_threads8.log
MPI,100,10000000,8,1,10.291,236275630.08,1644200.0,,,,1.0291000000000001e-08,turns1e2_particles1e7_mpi8_threads1.log,logs/mpi_run/turns1e2_particles1e7_mpi8_threads1.log
MPI,100,10000000,8,16,3.968,236275630.08,1644200.0,,,,3.968e-09,turns1e2_particles1e7_mpi8_threads16.log,logs/mpi_run/turns1e2_particles1e7_mpi8_threads16.log
MPI,100,10000000,8,2,8.944,236275630.08,1644200.0,,,,8.944e-09,turns1e2_particles1e7_mpi8_threads2.log,logs/mpi_run/turns1e2_particles1e7_mpi8_threads2.log
MPI,100,10000000,8,32,11.408,236275630.08,1644200.0,,,,1.1407999999999999e-08,turns1e2_particles1e7_mpi8_threads32.log,logs/mpi_run/turns1e2_particles1e7_mpi8_threads32.log
MPI,100,10000000,8,4,6.258,236275630.08,1644200.0,,,,6.258e-09,turns1e2_particles1e7_mpi8_threads4.log,logs/mpi_run/turns1e2_particles1e7_mpi8_threads4.log
MPI,100,10000000,8,64,15.188,236275630.08,1644200.0,,,,1.5188e-08,turns1e2_particles1e7_mpi8_threads64.log,logs/mpi_run/turns1e2_particles1e7_mpi8_threads64.log
MPI,100,10000000,8,8,4.366,236275630.08,1644200.0,,,,4.366e-09,turns1e2_particles1e7_mpi8_threads8.log,logs/mpi_run/turns1e2_particles1e7_mpi8_threads8.log
MPI,1000,100000,16,1,0.17235499999999998,25732055.04,250060.0,8174000000.0,47.422,81.735,1.72355e-09,turns1e3_particles1e5_mpi16_threads1.log,logs/mpi_run/turns1e3_particles1e5_mpi16_threads1.log
MPI,1000,100000,16,16,1.315,25732055.04,250060.0,7846000000.0,5.968,78.46,1.315e-08,turns1e3_particles1e5_mpi16_threads16.log,logs/mpi_run/turns1e3_particles1e5_mpi16_threads16.log
MPI,1000,100000,16,2,0.17428,25732055.04,250060.0,7938000000.0,45.549,79.383,1.7427999999999998e-09,turns1e3_particles1e5_mpi16_threads2.log,logs/mpi_run/turns1e3_particles1e5_mpi16_threads2.log
MPI,1000,100000,16,32,1.819,25732055.04,250060.0,6213000000.0,3.416,62.126,1.819e-08,turns1e3_particles1e5_mpi16_threads32.log,logs/mpi_run/turns1e3_particles1e5_mpi16_threads32.log
MPI,1000,100000,16,4,0.181881,25732055.04,250060.0,8174000000.0,44.939,81.735,1.8188099999999998e-09,turns1e3_particles1e5_mpi16_threads4.log,logs/mpi_run/turns1e3_particles1e5_mpi16_threads4.log
MPI,1000,100000,16,8,0.203548,25732055.04,250060.0,7420000000.0,36.454,74.202,2.03548e-09,turns1e3_particles1e5_mpi16_threads8.log,logs/mpi_run/turns1e3_particles1e5_mpi16_threads8.log
MPI,1000,100000,1,1,1.163,18528337.92,130010.0,8168000000.0,7.023,81.677,1.163e-08,turns1e3_particles1e5_mpi1_threads1.log,logs/mpi_run/turns1e3_particles1e5_mpi1_threads1.log
MPI,1000,100000,1,128,1.158,18528337.92,130010.0,8168000000.0,7.054,81.677,1.1579999999999998e-08,turns1e3_particles1e5_mpi1_threads128.log,logs/mpi_run/turns1e3_particles1e5_mpi1_threads128.log
MPI,1000,100000,1,16,1.167,18528337.92,130010.0,8168000000.0,7.001,81.677,1.167e-08,turns1e3_particles1e5_mpi1_threads16.log,logs/mpi_run/turns1e3_particles1e5_mpi1_threads16.log
MPI,1000,100000,1,2,1.161,18528337.92,130010.0,8168000000.0,7.038,81.677,1.1610000000000001e-08,turns1e3_particles1e5_mpi1_threads2.log,logs/mpi_run/turns1e3_particles1e5_mpi1_threads2.log
MPI,1000,100000,1,32,1.142,18528337.92,130010.0,8168000000.0,7.15,81.677,1.1419999999999999e-08,turns1e3_particles1e5_mpi1_threads32.log,logs/mpi_run/turns1e3_particles1e5_mpi1_threads32.log
MPI,1000,100000,1,4,1.128,18528337.92,130010.0,8168000000.0,7.24,81.677,1.1279999999999999e-08,turns1e3_particles1e5_mpi1_threads4.log,logs/mpi_run/turns1e3_particles1e5_mpi1_threads4.log
MPI,1000,100000,1,64,1.145,18528337.92,130010.0,8168000000.0,7.132,81.679,1.145e-08,turns1e3_particles1e5_mpi1_threads64.log,logs/mpi_run/turns1e3_particles1e5_mpi1_threads64.log
MPI,1000,100000,1,8,1.122,18528337.92,130010.0,8168000000.0,7.282,81.677,1.122e-08,turns1e3_particles1e5_mpi1_threads8.log,logs/mpi_run/turns1e3_particles1e5_mpi1_threads8.log
MPI,1000,100000,2,1,0.621207,19010682.88,138020.0,8168000000.0,13.149,81.683,6.21207e-09,turns1e3_particles1e5_mpi2_threads1.log,logs/mpi_run/turns1e3_particles1e5_mpi2_threads1.log
MPI,1000,100000,2,128,1.871,19010682.88,138020.0,8168000000.0,4.366,81.679,1.871e-08,turns1e3_particles1e5_mpi2_threads128.log,logs/mpi_run/turns1e3_particles1e5_mpi2_threads128.log
MPI,1000,100000,2,16,0.608159,19010682.88,138020.0,8168000000.0,13.431,81.68,6.08159e-09,turns1e3_particles1e5_mpi2_threads16.log,logs/mpi_run/turns1e3_particles1e5_mpi2_threads16.log
MPI,1000,100000,2,2,0.625456,19010682.88,138020.0,8168000000.0,13.059,81.679,6.25456e-09,turns1e3_particles1e5_mpi2_threads2.log,logs/mpi_run/turns1e3_particles1e5_mpi2_threads2.log
MPI,1000,100000,2,32,0.645737,19010682.88,138020.0,8168000000.0,12.649,81.68,6.45737e-09,turns1e3_particles1e5_mpi2_threads32.log,logs/mpi_run/turns1e3_particles1e5_mpi2_threads32.log
MPI,1000,100000,2,4,0.623544,19010682.88,138020.0,8168000000.0,13.099,81.68,6.23544e-09,turns1e3_particles1e5_mpi2_threads4.log,logs/mpi_run/turns1e3_particles1e5_mpi2_threads4.log
MPI,1000,100000,2,64,0.63199,19010682.88,138020.0,4163000000.0,6.587,41.631,6.319900000000001e-09,turns1e3_particles1e5_mpi2_threads64.log,logs/mpi_run/turns1e3_particles1e5_mpi2_threads64.log
MPI,1000,100000,2,8,0.6108790000000001,19010682.88,138020.0,8168000000.0,13.371,81.68,6.10879e-09,turns1e3_particles1e5_mpi2_threads8.log,logs/mpi_run/turns1e3_particles1e5_mpi2_threads8.log
MPI,1000,100000,32,1,0.179824,33418117.12,378100.0,8182000000.0,45.498,81.816,1.7982400000000002e-09,turns1e3_particles1e5_mpi32_threads1.log,logs/mpi_run/turns1e3_particles1e5_mpi32_threads1.log
MPI,1000,100000,32,16,1.919,33418117.12,378100.0,7567000000.0,3.942,75.669,1.9190000000000002e-08,turns1e3_particles1e5_mpi32_threads16.log,logs/mpi_run/turns1e3_particles1e5_mpi32_threads16.log
MPI,1000,100000,32,2,0.173064,33418117.12,378100.0,7698000000.0,44.483,76.983,1.73064e-09,turns1e3_particles1e5_mpi32_threads2.log,logs/mpi_run/turns1e3_particles1e5_mpi32_threads2.log
MPI,1000,100000,32,4,0.213865,33418117.12,378100.0,8182000000.0,38.256,81.816,2.13865e-09,turns1e3_particles1e5_mpi32_threads4.log,logs/mpi_run/turns1e3_particles1e5_mpi32_threads4.log
MPI,1000,100000,32,8,1.453,33418117.12,378100.0,8057000000.0,5.543,80.568,1.453e-08,turns1e3_particles1e5_mpi32_threads8.log,logs/mpi_run/turns1e3_particles1e5_mpi32_threads8.log
MPI,1000,100000,4,1,0.345006,19964887.04,154020.0,8168000000.0,23.676,81.684,3.45006e-09,turns1e3_particles1e5_mpi4_threads1.log,logs/mpi_run/turns1e3_particles1e5_mpi4_threads1.log
MPI,1000,100000,4,128,1.963,19964887.04,154020.0,8168000000.0,4.161,81.684,1.963e-08,turns1e3_particles1e5_mpi4_threads128.log,logs/mpi_run/turns1e3_particles1e5_mpi4_threads128.log
MPI,1000,100000,4,16,0.385602,19964887.04,154020.0,8168000000.0,21.183,81.683,3.85602e-09,turns1e3_particles1e5_mpi4_threads16.log,logs/mpi_run/turns1e3_particles1e5_mpi4_threads16.log
MPI,1000,100000,4,2,0.348469,19964887.04,154020.0,8168000000.0,23.441,81.683,3.48469e-09,turns1e3_particles1e5_mpi4_threads2.log,logs/mpi_run/turns1e3_particles1e5_mpi4_threads2.log
MPI,1000,100000,4,32,0.364607,19964887.04,154020.0,6675000000.0,18.307,66.749,3.64607e-09,turns1e3_particles1e5_mpi4_threads32.log,logs/mpi_run/turns1e3_particles1e5_mpi4_threads32.log
MPI,1000,100000,4,4,0.355391,19964887.04,154020.0,8168000000.0,22.984,81.683,3.55391e-09,turns1e3_particles1e5_mpi4_threads4.log,logs/mpi_run/turns1e3_particles1e5_mpi4_threads4.log
MPI,1000,100000,4,64,1.45,19964887.04,154020.0,6203000000.0,4.279,62.033,1.4499999999999999e-08,turns1e3_particles1e5_mpi4_threads64.log,logs/mpi_run/turns1e3_particles1e5_mpi4_threads64.log
MPI,1000,100000,4,8,0.345743,19964887.04,154020.0,8168000000.0,23.626,81.684,3.45743e-09,turns1e3_particles1e5_mpi4_threads8.log,logs/mpi_run/turns1e3_particles1e5_mpi4_threads8.log
MPI,1000,100000,64,1,,,,,,,,turns1e3_particles1e5_mpi64_threads1.log,logs/mpi_run/turns1e3_particles1e5_mpi64_threads1.log
MPI,1000,100000,64,2,0.233066,48779755.52,634200.0,7861000000.0,33.728,78.608,2.33066e-09,turns1e3_particles1e5_mpi64_threads2.log,logs/mpi_run/turns1e3_particles1e5_mpi64_threads2.log
MPI,1000,100000,64,4,,,,,,,,turns1e3_particles1e5_mpi64_threads4.log,logs/mpi_run/turns1e3_particles1e5_mpi64_threads4.log
MPI,1000,100000,64,8,2.128,48779755.52,634200.0,7700000000.0,3.618,77.001,2.1280000000000003e-08,turns1e3_particles1e5_mpi64_threads8.log,logs/mpi_run/turns1e3_particles1e5_mpi64_threads8.log
MPI,1000,100000,8,1,0.223995,21894266.88,186030.0,8169000000.0,36.471,81.694,2.23995e-09,turns1e3_particles1e5_mpi8_threads1.log,logs/mpi_run/turns1e3_particles1e5_mpi8_threads1.log
MPI,1000,100000,8,16,0.247713,21894266.88,186030.0,8169000000.0,32.979,81.694,2.4771299999999997e-09,turns1e3_particles1e5_mpi8_threads16.log,logs/mpi_run/turns1e3_particles1e5_mpi8_threads16.log
MPI,1000,100000,8,2,0.234104,21894266.88,186030.0,8169000000.0,34.896,81.694,2.34104e-09,turns1e3_particles1e5_mpi8_threads2.log,logs/mpi_run/turns1e3_particles1e5_mpi8_threads2.log
MPI,1000,100000,8,32,1.304,21894266.88,186030.0,6544000000.0,5.017,65.442,1.3040000000000001e-08,turns1e3_particles1e5_mpi8_threads32.log,logs/mpi_run/turns1e3_particles1e5_mpi8_threads32.log
MPI,1000,100000,8,4,0.222809,21894266.88,186030.0,7649000000.0,34.329,76.488,2.22809e-09,turns1e3_particles1e5_mpi8_threads4.log,logs/mpi_run/turns1e3_particles1e5_mpi8_threads4.log
MPI,1000,100000,8,64,1.814,21894266.88,186030.0,7202000000.0,3.97,72.025,1.814e-08,turns1e3_particles1e5_mpi8_threads64.log,logs/mpi_run/turns1e3_particles1e5_mpi8_threads64.log
MPI,1000,100000,8,8,0.258348,21894266.88,186030.0,8169000000.0,31.622,81.694,2.5834800000000003e-09,turns1e3_particles1e5_mpi8_threads8.log,logs/mpi_run/turns1e3_particles1e5_mpi8_threads8.log
MPI,1000,1000000,16,1,3.64,302210088.96,2170100.0,85510000000.0,23.491,85.508,3.6400000000000003e-09,turns1e3_particles1e6_mpi16_threads1.log,logs/mpi_run/turns1e3_particles1e6_mpi16_threads1.log
MPI,1000,1000000,16,16,13.68,302210088.96,2170100.0,85510000000.0,6.251,85.507,1.3679999999999999e-08,turns1e3_particles1e6_mpi16_threads16.log,logs/mpi_run/turns1e3_particles1e6_mpi16_threads16.log
MPI,1000,1000000,16,2,2.309,302210088.96,2170100.0,85490000000.0,37.02,85.491,2.309e-09,turns1e3_particles1e6_mpi16_threads2.log,logs/mpi_run/turns1e3_particles1e6_mpi16_threads2.log
MPI,1000,1000000,16,32,18.728,302210088.96,2170100.0,83030000000.0,4.434,83.033,1.8728e-08,turns1e3_particles1e6_mpi16_threads32.log,logs/mpi_run/turns1e3_particles1e6_mpi16_threads32.log
MPI,1000,1000000,16,4,2.324,302210088.96,2170100.0,73230000000.0,31.508,73.233,2.324e-09,turns1e3_particles1e6_mpi16_threads4.log,logs/mpi_run/turns1e3_particles1e6_mpi16_threads4.log
MPI,1000,1000000,16,8,2.374,302210088.96,2170100.0,83020000000.0,34.968,83.02,2.3740000000000003e-09,turns1e3_particles1e6_mpi16_threads8.log,logs/mpi_run/turns1e3_particles1e6_mpi16_threads8.log
MPI,1000,1000000,1,1,24.121,295006371.84,2050000.0,85500000000.0,3.545,85.504,2.4120999999999998e-08,turns1e3_particles1e6_mpi1_threads1.log,logs/mpi_run/turns1e3_particles1e6_mpi1_threads1.log
MPI,1000,1000000,1,128,15.673,295006371.84,2050000.0,85500000000.0,5.456,85.504,1.5673e-08,turns1e3_particles1e6_mpi1_threads128.log,logs/mpi_run/turns1e3_particles1e6_mpi1_threads128.log
MPI,1000,1000000,1,16,15.688,295006371.84,2050000.0,85500000000.0,5.45,85.504,1.5688e-08,turns1e3_particles1e6_mpi1_threads16.log,logs/mpi_run/turns1e3_particles1e6_mpi1_threads16.log
MPI,1000,1000000,1,2,15.976,295006371.84,2050000.0,85500000000.0,5.352,85.504,1.5976e-08,turns1e3_particles1e6_mpi1_threads2.log,logs/mpi_run/turns1e3_particles1e6_mpi1_threads2.log
MPI,1000,1000000,1,32,16.859,295006371.84,2050000.0,85500000000.0,5.072,85.504,1.6859000000000002e-08,turns1e3_particles1e6_mpi1_threads32.log,logs/mpi_run/turns1e3_particles1e6_mpi1_threads32.log
MPI,1000,1000000,1,4,15.895,295006371.84,2050000.0,85500000000.0,5.379,85.504,1.5895e-08,turns1e3_particles1e6_mpi1_threads4.log,logs/mpi_run/turns1e3_particles1e6_mpi1_threads4.log
MPI,1000,1000000,1,64,15.608,295006371.84,2050000.0,85500000000.0,5.478,85.504,1.5608e-08,turns1e3_particles1e6_mpi1_threads64.log,logs/mpi_run/turns1e3_particles1e6_mpi1_threads64.log
MPI,1000,1000000,1,8,15.623,295006371.84,2050000.0,85500000000.0,5.473,85.504,1.5623e-08,turns1e3_particles1e6_mpi1_threads8.log,logs/mpi_run/turns1e3_particles1e6_mpi1_threads8.log
MPI,1000,1000000,2,1,10.158,295488716.8,2058000.0,85490000000.0,8.416,85.488,1.0157999999999999e-08,turns1e3_particles1e6_mpi2_threads1.log,logs/mpi_run/turns1e3_particles1e6_mpi2_threads1.log
MPI,1000,1000000,2,128,17.765,295488716.8,2058000.0,85490000000.0,4.812,85.488,1.7765e-08,turns1e3_particles1e6_mpi2_threads128.log,logs/mpi_run/turns1e3_particles1e6_mpi2_threads128.log
MPI,1000,1000000,2,16,7.807,295488716.8,2058000.0,85500000000.0,10.953,85.504,7.807e-09,turns1e3_particles1e6_mpi2_threads16.log,logs/mpi_run/turns1e3_particles1e6_mpi2_threads16.log
MPI,1000,1000000,2,2,10.129,295488716.8,2058000.0,85500000000.0,8.442,85.504,1.0129e-08,turns1e3_particles1e6_mpi2_threads2.log,logs/mpi_run/turns1e3_particles1e6_mpi2_threads2.log
MPI,1000,1000000,2,32,8.754,295488716.8,2058000.0,85500000000.0,9.767,85.504,8.754e-09,turns1e3_particles1e6_mpi2_threads32.log,logs/mpi_run/turns1e3_particles1e6_mpi2_threads32.log
MPI,1000,1000000,2,4,8.793,295488716.8,2058000.0,85500000000.0,9.724,85.504,8.793e-09,turns1e3_particles1e6_mpi2_threads4.log,logs/mpi_run/turns1e3_particles1e6_mpi2_threads4.log
MPI,1000,1000000,2,64,7.893,295488716.8,2058000.0,85490000000.0,10.831,85.488,7.893e-09,turns1e3_particles1e6_mpi2_threads64.log,logs/mpi_run/turns1e3_particles1e6_mpi2_threads64.log
MPI,1000,1000000,2,8,8.628,295488716.8,2058000.0,85500000000.0,9.91,85.504,8.628e-09,turns1e3_particles1e6_mpi2_threads8.log,logs/mpi_run/turns1e3_particles1e6_mpi2_threads8.log
MPI,1000,1000000,32,1,2.207,309896151.04,2298100.0,85500000000.0,38.745,85.499,2.207e-09,turns1e3_particles1e6_mpi32_threads1.log,logs/mpi_run/turns1e3_particles1e6_mpi32_threads1.log
MPI,1000,1000000,32,16,21.448,309896151.04,2298100.0,75770000000.0,3.533,75.766,2.1448e-08,turns1e3_particles1e6_mpi32_threads16.log,logs/mpi_run/turns1e3_particles1e6_mpi32_threads16.log
MPI,1000,1000000,32,2,1.994,309896151.04,2298100.0,81840000000.0,41.041,81.836,1.994e-09,turns1e3_particles1e6_mpi32_threads2.log,logs/mpi_run/turns1e3_particles1e6_mpi32_threads2.log
MPI,1000,1000000,32,4,2.005,309896151.04,2298100.0,80190000000.0,39.986,80.189,2.005e-09,turns1e3_particles1e6_mpi32_threads4.log,logs/mpi_run/turns1e3_particles1e6_mpi32_threads4.log
MPI,1000,1000000,32,8,18.644,309896151.04,2298100.0,81810000000.0,4.388,81.812,1.8643999999999998e-08,turns1e3_particles1e6_mpi32_threads8.log,logs/mpi_run/turns1e3_particles1e6_mpi32_threads8.log
MPI,1000,1000000,4,1,8.029,296453406.72,2074000.0,85500000000.0,10.65,85.504,8.029e-09,turns1e3_particles1e6_mpi4_threads1.log,logs/mpi_run/turns1e3_particles1e6_mpi4_threads1.log
MPI,1000,1000000,4,128,19.412,296453406.72,2074000.0,85500000000.0,4.405,85.504,1.9412e-08,turns1e3_particles1e6_mpi4_threads128.log,logs/mpi_run/turns1e3_particles1e6_mpi4_threads128.log
MPI,1000,1000000,4,16,4.61,296453406.72,2074000.0,85490000000.0,18.544,85.488,4.6100000000000004e-09,turns1e3_particles1e6_mpi4_threads16.log,logs/mpi_run/turns1e3_particles1e6_mpi4_threads16.log
MPI,1000,1000000,4,2,6.755,296453406.72,2074000.0,85500000000.0,12.658,85.505,6.755e-09,turns1e3_particles1e6_mpi4_threads2.log,logs/mpi_run/turns1e3_particles1e6_mpi4_threads2.log
MPI,1000,1000000,4,32,4.55,296453406.72,2074000.0,85500000000.0,18.79,85.505,4.55e-09,turns1e3_particles1e6_mpi4_threads32.log,logs/mpi_run/turns1e3_particles1e6_mpi4_threads32.log
MPI,1000,1000000,4,4,4.595,296453406.72,2074000.0,85490000000.0,18.603,85.488,4.595e-09,turns1e3_particles1e6_mpi4_threads4.log,logs/mpi_run/turns1e3_particles1e6_mpi4_threads4.log
MPI,1000,1000000,4,64,14.109,296453406.72,2074000.0,85500000000.0,6.06,85.504,1.4109e-08,turns1e3_particles1e6_mpi4_threads64.log,logs/mpi_run/turns1e3_particles1e6_mpi4_threads64.log
MPI,1000,1000000,4,8,4.427,296453406.72,2074000.0,85500000000.0,19.313,85.505,4.427e-09,turns1e3_particles1e6_mpi4_threads8.log,logs/mpi_run/turns1e3_particles1e6_mpi4_threads8.log
MPI,1000,1000000,8,1,6.019,298372300.8,2106000.0,85490000000.0,14.204,85.489,6.019e-09,turns1e3_particles1e6_mpi8_threads1.log,logs/mpi_run/turns1e3_particles1e6_mpi8_threads1.log
MPI,1000,1000000,8,16,2.885,298372300.8,2106000.0,65970000000.0,22.87,65.969,2.885e-09,turns1e3_particles1e6_mpi8_threads16.log,logs/mpi_run/turns1e3_particles1e6_mpi8_threads16.log
MPI,1000,1000000,8,2,3.697,298372300.8,2106000.0,80660000000.0,21.819,80.665,3.697e-09,turns1e3_particles1e6_mpi8_threads2.log,logs/mpi_run/turns1e3_particles1e6_mpi8_threads2.log
MPI,1000,1000000,8,32,13.48,298372300.8,2106000.0,75580000000.0,5.607,75.577,1.348e-08,turns1e3_particles1e6_mpi8_threads32.log,logs/mpi_run/turns1e3_particles1e6_mpi8_threads32.log
MPI,1000,1000000,8,4,2.826,298372300.8,2106000.0,85510000000.0,30.251,85.505,2.826e-09,turns1e3_particles1e6_mpi8_threads4.log,logs/mpi_run/turns1e3_particles1e6_mpi8_threads4.log
MPI,1000,1000000,8,64,17.253,298372300.8,2106000.0,75590000000.0,4.381,75.591,1.7253e-08,turns1e3_particles1e6_mpi8_threads64.log,logs/mpi_run/turns1e3_particles1e6_mpi8_threads64.log
MPI,1000,1000000,8,8,2.882,298372300.8,2106000.0,78940000000.0,27.391,78.939,2.882e-09,turns1e3_particles1e6_mpi8_threads8.log,logs/mpi_run/turns1e3_particles1e6_mpi8_threads8.log
MPI,1000,10000000,16,1,90.825,2362232012.8,16506000.0,851600000000.0,9.376,85.161,9.0825e-09,turns1e3_particles1e7_mpi16_threads1.log,logs/mpi_run/turns1e3_particles1e7_mpi16_threads1.log
MPI,1000,10000000,16,16,99.231,2362232012.8,16506000.0,743500000000.0,7.493,74.353,9.9231e-09,turns1e3_particles1e7_mpi16_threads16.log,logs/mpi_run/turns1e3_particles1e7_mpi16_threads16.log
MPI,1000,10000000,16,2,45.609,2362232012.8,16506000.0,825600000000.0,18.101,82.557,4.5609e-09,turns1e3_particles1e7_mpi16_threads2.log,logs/mpi_run/turns1e3_particles1e7_mpi16_threads2.log
MPI,1000,10000000,16,32,135.233,2362232012.8,16506000.0,718200000000.0,5.311,71.818,1.3523300000000001e-08,turns1e3_particles1e7_mpi16_threads32.log,logs/mpi_run/turns1e3_particles1e7_mpi16_threads32.log
MPI,1000,10000000,16,4,36.027,2362232012.8,16506000.0,775300000000.0,21.52,77.53,3.6027e-09,turns1e3_particles1e7_mpi16_threads4.log,logs/mpi_run/turns1e3_particles1e7_mpi16_threads4.log
MPI,1000,10000000,16,8,28.745,2362232012.8,16506000.0,743800000000.0,25.876,74.381,2.8745e-09,turns1e3_particles1e7_mpi16_threads8.log,logs/mpi_run/turns1e3_particles1e7_mpi16_threads8.log
MPI,1000,10000000,1,1,181.895,2362232012.8,16386000.0,849100000000.0,4.668,84.913,1.8189500000000002e-08,turns1e3_particles1e7_mpi1_threads1.log,logs/mpi_run/turns1e3_particles1e7_mpi1_threads1.log
MPI,1000,10000000,1,128,181.182,2362232012.8,16386000.0,848500000000.0,4.683,84.851,1.8118199999999998e-08,turns1e3_particles1e7_mpi1_threads128.log,logs/mpi_run/turns1e3_particles1e7_mpi1_threads128.log
MPI,1000,10000000,1,16,181.656,2362232012.8,16386000.0,848900000000.0,4.673,84.893,1.81656e-08,turns1e3_particles1e7_mpi1_threads16.log,logs/mpi_run/turns1e3_particles1e7_mpi1_threads16.log
MPI,1000,10000000,1,2,220.918,2362232012.8,16386000.0,849100000000.0,3.844,84.913,2.20918e-08,turns1e3_particles1e7_mpi1_threads2.log,logs/mpi_run/turns1e3_particles1e7_mpi1_threads2.log
MPI,1000,10000000,1,32,193.082,2362232012.8,16386000.0,848500000000.0,4.395,84.851,1.93082e-08,turns1e3_particles1e7_mpi1_threads32.log,logs/mpi_run/turns1e3_particles1e7_mpi1_threads32.log
MPI,1000,10000000,1,4,181.702,2362232012.8,16386000.0,848900000000.0,4.672,84.893,1.81702e-08,turns1e3_particles1e7_mpi1_threads4.log,logs/mpi_run/turns1e3_particles1e7_mpi1_threads4.log
MPI,1000,10000000,1,64,179.793,2362232012.8,16386000.0,848900000000.0,4.722,84.893,1.79793e-08,turns1e3_particles1e7_mpi1_threads64.log,logs/mpi_run/turns1e3_particles1e7_mpi1_threads64.log
MPI,1000,10000000,1,8,188.767,2362232012.8,16386000.0,849100000000.0,4.498,84.913,1.88767e-08,turns1e3_particles1e7_mpi1_threads8.log,logs/mpi_run/turns1e3_particles1e7_mpi1_threads8.log
MPI,1000,10000000,2,1,123.466,2362232012.8,16394000.0,848700000000.0,6.874,84.874,1.23466e-08,turns1e3_particles1e7_mpi2_threads1.log,logs/mpi_run/turns1e3_particles1e7_mpi2_threads1.log
MPI,1000,10000000,2,128,169.568,2362232012.8,16394000.0,848500000000.0,5.004,84.851,1.69568e-08,turns1e3_particles1e7_mpi2_threads128.log,logs/mpi_run/turns1e3_particles1e7_mpi2_threads128.log
MPI,1000,10000000,2,16,122.921,2362232012.8,16394000.0,848500000000.0,6.903,84.852,1.22921e-08,turns1e3_particles1e7_mpi2_threads16.log,logs/mpi_run/turns1e3_particles1e7_mpi2_threads16.log
MPI,1000,10000000,2,2,123.498,2362232012.8,16394000.0,850400000000.0,6.886,85.036,1.23498e-08,turns1e3_particles1e7_mpi2_threads2.log,logs/mpi_run/turns1e3_particles1e7_mpi2_threads2.log
MPI,1000,10000000,2,32,99.816,2362232012.8,16394000.0,848900000000.0,8.505,84.893,9.9816e-09,turns1e3_particles1e7_mpi2_threads32.log,logs/mpi_run/turns1e3_particles1e7_mpi2_threads32.log
MPI,1000,10000000,2,4,122.296,2362232012.8,16394000.0,848500000000.0,6.938,84.851,1.2229600000000001e-08,turns1e3_particles1e7_mpi2_threads4.log,logs/mpi_run/turns1e3_particles1e7_mpi2_threads4.log
MPI,1000,10000000,2,64,118.4,2362232012.8,16394000.0,422800000000.0,3.571,42.282,1.184e-08,turns1e3_particles1e7_mpi2_threads64.log,logs/mpi_run/turns1e3_particles1e7_mpi2_threads64.log
MPI,1000,10000000,2,8,117.409,2362232012.8,16394000.0,848500000000.0,7.227,84.851,1.17409e-08,turns1e3_particles1e7_mpi2_threads8.log,logs/mpi_run/turns1e3_particles1e7_mpi2_threads8.log
MPI,1000,10000000,32,1,48.387,2372969431.04,16634000.0,851800000000.0,17.604,85.181,4.8387e-09,turns1e3_particles1e7_mpi32_threads1.log,logs/mpi_run/turns1e3_particles1e7_mpi32_threads1.log
MPI,1000,10000000,32,16,131.833,2372969431.04,16634000.0,794400000000.0,6.026,79.439,1.31833e-08,turns1e3_particles1e7_mpi32_threads16.log,logs/mpi_run/turns1e3_particles1e7_mpi32_threads16.log
MPI,1000,10000000,32,2,36.506,2372969431.04,16634000.0,850200000000.0,23.289,85.017,3.6506e-09,turns1e3_particles1e7_mpi32_threads2.log,logs/mpi_run/turns1e3_particles1e7_mpi32_threads2.log
MPI,1000,10000000,32,4,22.637,2372969431.04,16634000.0,776500000000.0,34.303,77.652,2.2637e-09,turns1e3_particles1e7_mpi32_threads4.log,logs/mpi_run/turns1e3_particles1e7_mpi32_threads4.log
MPI,1000,10000000,32,8,96.356,2372969431.04,16634000.0,799100000000.0,8.293,79.911,9.6356e-09,turns1e3_particles1e7_mpi32_threads8.log,logs/mpi_run/turns1e3_particles1e7_mpi32_threads8.log
MPI,1000,10000000,4,1,105.402,2362232012.8,16410000.0,850400000000.0,8.068,85.036,1.05402e-08,turns1e3_particles1e7_mpi4_threads1.log,logs/mpi_run/turns1e3_particles1e7_mpi4_threads1.log
MPI,1000,10000000,4,128,172.823,2362232012.8,16410000.0,848900000000.0,4.912,84.893,1.7282300000000002e-08,turns1e3_particles1e7_mpi4_threads128.log,logs/mpi_run/turns1e3_particles1e7_mpi4_threads128.log
MPI,1000,10000000,4,16,65.934,2362232012.8,16410000.0,848500000000.0,12.869,84.851,6.5934e-09,turns1e3_particles1e7_mpi4_threads16.log,logs/mpi_run/turns1e3_particles1e7_mpi4_threads16.log
MPI,1000,10000000,4,2,104.175,2362232012.8,16410000.0,849800000000.0,8.158,84.983,1.04175e-08,turns1e3_particles1e7_mpi4_threads2.log,logs/mpi_run/turns1e3_particles1e7_mpi4_threads2.log
MPI,1000,10000000,4,32,58.133,2362232012.8,16410000.0,750000000000.0,12.901,74.997,5.8133e-09,turns1e3_particles1e7_mpi4_threads32.log,logs/mpi_run/turns1e3_particles1e7_mpi4_threads32.log
MPI,1000,10000000,4,4,94.288,2362232012.8,16410000.0,848900000000.0,9.004,84.893,9.4288e-09,turns1e3_particles1e7_mpi4_threads4.log,logs/mpi_run/turns1e3_particles1e7_mpi4_threads4.log
MPI,1000,10000000,4,64,128.617,2362232012.8,16410000.0,718300000000.0,5.585,71.828,1.2861699999999998e-08,turns1e3_particles1e7_mpi4_threads64.log,logs/mpi_run/turns1e3_particles1e7_mpi4_threads64.log
MPI,1000,10000000,4,8,79.418,2362232012.8,16410000.0,848500000000.0,10.684,84.851,7.9418e-09,turns1e3_particles1e7_mpi4_threads8.log,logs/mpi_run/turns1e3_particles1e7_mpi4_threads8.log
MPI,1000,10000000,64,1,35.28,2394444267.52,16890000.0,851800000000.0,24.145,85.182,3.5280000000000002e-09,turns1e3_particles1e7_mpi64_threads1.log,logs/mpi_run/turns1e3_particles1e7_mpi64_threads1.log
MPI,1000,10000000,64,2,24.842,2394444267.52,16890000.0,839600000000.0,33.795,83.955,2.4841999999999998e-09,turns1e3_particles1e7_mpi64_threads2.log,logs/mpi_run/turns1e3_particles1e7_mpi64_threads2.log
MPI,1000,10000000,64,4,89.962,2394444267.52,16890000.0,793300000000.0,8.818,79.329,8.996200000000001e-09,turns1e3_particles1e7_mpi64_threads4.log,logs/mpi_run/turns1e3_particles1e7_mpi64_threads4.log
MPI,1000,10000000,64,8,136.354,2394444267.52,16890000.0,836400000000.0,6.134,83.639,1.3635400000000001e-08,turns1e3_particles1e7_mpi64_threads8.log,logs/mpi_run/turns1e3_particles1e7_mpi64_threads8.log
MPI,1000,10000000,8,1,103.341,2362232012.8,16442000.0,852100000000.0,8.246,85.213,1.0334099999999999e-08,turns1e3_particles1e7_mpi8_threads1.log,logs/mpi_run/turns1e3_particles1e7_mpi8_threads1.log
MPI,1000,10000000,8,16,40.184,2362232012.8,16442000.0,848900000000.0,21.126,84.893,4.0184e-09,turns1e3_particles1e7_mpi8_threads16.log,logs/mpi_run/turns1e3_particles1e7_mpi8_threads16.log
MPI,1000,10000000,8,2,89.758,2362232012.8,16442000.0,800800000000.0,8.922,80.082,8.9758e-09,turns1e3_particles1e7_mpi8_threads2.log,logs/mpi_run/turns1e3_particles1e7_mpi8_threads2.log
MPI,1000,10000000,8,32,116.394,2362232012.8,16442000.0,588300000000.0,5.054,58.828,1.1639400000000001e-08,turns1e3_particles1e7_mpi8_threads32.log,logs/mpi_run/turns1e3_particles1e7_mpi8_threads32.log
MPI,1000,10000000,8,4,48.699,2362232012.8,16442000.0,800200000000.0,16.432,80.023,4.8698999999999995e-09,turns1e3_particles1e7_mpi8_threads4.log,logs/mpi_run/turns1e3_particles1e7_mpi8_threads4.log
MPI,1000,10000000,8,64,148.831,2362232012.8,16442000.0,621700000000.0,4.177,62.174,1.4883099999999999e-08,turns1e3_particles1e7_mpi8_threads64.log,logs/mpi_run/turns1e3_particles1e7_mpi8_threads64.log
MPI,1000,10000000,8,8,49.557,2362232012.8,16442000.0,701100000000.0,14.147,70.108,4.9557e-09,turns1e3_particles1e7_mpi8_threads8.log,logs/mpi_run/turns1e3_particles1e7_mpi8_threads8.log
MPI,10000,100000,16,1,1.65,257289093.12,2500100.0,,,,1.6499999999999999e-09,turns1e4_particles1e5_mpi16_threads1.log,logs/mpi_run/turns1e4_particles1e5_mpi16_threads1.log
MPI,10000,100000,16,16,12.632,257289093.12,2500100.0,,,,1.2632e-08,turns1e4_particles1e5_mpi16_threads16.log,logs/mpi_run/turns1e4_particles1e5_mpi16_threads16.log
MPI,10000,100000,16,2,1.728,257289093.12,2500100.0,,,,1.728e-09,turns1e4_particles1e5_mpi16_threads2.log,logs/mpi_run/turns1e4_particles1e5_mpi16_threads2.log
MPI,10000,100000,16,32,18.227,257289093.12,2500100.0,,,,1.8227000000000002e-08,turns1e4_particles1e5_mpi16_threads32.log,logs/mpi_run/turns1e4_particles1e5_mpi16_threads32.log
MPI,10000,100000,16,4,1.855,257289093.12,2500100.0,,,,1.855e-09,turns1e4_particles1e5_mpi16_threads4.log,logs/mpi_run/turns1e4_particles1e5_mpi16_threads4.log
MPI,10000,100000,16,8,1.924,257289093.12,2500100.0,,,,1.924e-09,turns1e4_particles1e5_mpi16_threads8.log,logs/mpi_run/turns1e4_particles1e5_mpi16_threads8.log
MPI,10000,100000,1,1,11.247,185283379.2,1300000.0,,,,1.1247e-08,turns1e4_particles1e5_mpi1_threads1.log,logs/mpi_run/turns1e4_particles1e5_mpi1_threads1.log
MPI,10000,100000,1,128,12.334,185283379.2,1300000.0,,,,1.2334e-08,turns1e4_particles1e5_mpi1_threads128.log,logs/mpi_run/turns1e4_particles1e5_mpi1_threads128.log
MPI,10000,100000,1,16,11.57,185283379.2,1300000.0,,,,1.157e-08,turns1e4_particles1e5_mpi1_threads16.log,logs/mpi_run/turns1e4_particles1e5_mpi1_threads16.log
MPI,10000,100000,1,2,11.989,185283379.2,1300000.0,,,,1.1989e-08,turns1e4_particles1e5_mpi1_threads2.log,logs/mpi_run/turns1e4_particles1e5_mpi1_threads2.log
MPI,10000,100000,1,32,11.619,185283379.2,1300000.0,,,,1.1619e-08,turns1e4_particles1e5_mpi1_threads32.log,logs/mpi_run/turns1e4_particles1e5_mpi1_threads32.log
MPI,10000,100000,1,4,11.556,185283379.2,1300000.0,,,,1.1556e-08,turns1e4_particles1e5_mpi1_threads4.log,logs/mpi_run/turns1e4_particles1e5_mpi1_threads4.log
MPI,10000,100000,1,64,11.599,185283379.2,1300000.0,,,,1.1599e-08,turns1e4_particles1e5_mpi1_threads64.log,logs/mpi_run/turns1e4_particles1e5_mpi1_threads64.log
MPI,10000,100000,1,8,11.536,185283379.2,1300000.0,,,,1.1536e-08,turns1e4_particles1e5_mpi1_threads8.log,logs/mpi_run/turns1e4_particles1e5_mpi1_threads8.log
MPI,10000,100000,2,1,6.175,190085857.28,1380000.0,,,,6.175e-09,turns1e4_particles1e5_mpi2_threads1.log,logs/mpi_run/turns1e4_particles1e5_mpi2_threads1.log
MPI,10000,100000,2,128,18.493,190085857.28,1380000.0,,,,1.8493e-08,turns1e4_particles1e5_mpi2_threads128.log,logs/mpi_run/turns1e4_particles1e5_mpi2_threads128.log
MPI,10000,100000,2,16,6.158,190085857.28,1380000.0,,,,6.1580000000000004e-09,turns1e4_particles1e5_mpi2_threads16.log,logs/mpi_run/turns1e4_particles1e5_mpi2_threads16.log
MPI,10000,100000,2,2,6.517,190085857.28,1380000.0,,,,6.5170000000000006e-09,turns1e4_particles1e5_mpi2_threads2.log,logs/mpi_run/turns1e4_particles1e5_mpi2_threads2.log
MPI,10000,100000,2,32,6.111,190085857.28,1380000.0,,,,6.111e-09,turns1e4_particles1e5_mpi2_threads32.log,logs/mpi_run/turns1e4_particles1e5_mpi2_threads32.log
MPI,10000,100000,2,4,6.353,190085857.28,1380000.0,,,,6.353e-09,turns1e4_particles1e5_mpi2_threads4.log,logs/mpi_run/turns1e4_particles1e5_mpi2_threads4.log
MPI,10000,100000,2,64,6.556,190085857.28,1380000.0,,,,6.556e-09,turns1e4_particles1e5_mpi2_threads64.log,logs/mpi_run/turns1e4_particles1e5_mpi2_threads64.log
MPI,10000,100000,2,8,6.053,190085857.28,1380000.0,,,,6.053e-09,turns1e4_particles1e5_mpi2_threads8.log,logs/mpi_run/turns1e4_particles1e5_mpi2_threads8.log
MPI,10000,100000,32,1,1.78,334086799.36,3780100.0,,,,1.78e-09,turns1e4_particles1e5_mpi32_threads1.log,logs/mpi_run/turns1e4_particles1e5_mpi32_threads1.log
MPI,10000,100000,32,16,18.941,334086799.36,3780100.0,,,,1.8940999999999997e-08,turns1e4_particles1e5_mpi32_threads16.log,logs/mpi_run/turns1e4_particles1e5_mpi32_threads16.log
MPI,10000,100000,32,2,1.832,334086799.36,3780100.0,,,,1.832e-09,turns1e4_particles1e5_mpi32_threads2.log,logs/mpi_run/turns1e4_particles1e5_mpi32_threads2.log
MPI,10000,100000,32,4,1.929,334086799.36,3780100.0,,,,1.929e-09,turns1e4_particles1e5_mpi32_threads4.log,logs/mpi_run/turns1e4_particles1e5_mpi32_threads4.log
MPI,10000,100000,32,8,14.592,334086799.36,3780100.0,,,,1.4592000000000001e-08,turns1e4_particles1e5_mpi32_threads8.log,logs/mpi_run/turns1e4_particles1e5_mpi32_threads8.log
MPI,10000,100000,4,1,3.458,199680327.68,1540000.0,,,,3.4580000000000003e-09,turns1e4_particles1e5_mpi4_threads1.log,logs/mpi_run/turns1e4_particles1e5_mpi4_threads1.log
MPI,10000,100000,4,128,19.922,199680327.68,1540000.0,,,,1.9922e-08,turns1e4_particles1e5_mpi4_threads128.log,logs/mpi_run/turns1e4_particles1e5_mpi4_threads128.log
MPI,10000,100000,4,16,3.687,199680327.68,1540000.0,,,,3.6869999999999998e-09,turns1e4_particles1e5_mpi4_threads16.log,logs/mpi_run/turns1e4_particles1e5_mpi4_threads16.log
MPI,10000,100000,4,2,3.493,199680327.68,1540000.0,,,,3.493e-09,turns1e4_particles1e5_mpi4_threads2.log,logs/mpi_run/turns1e4_particles1e5_mpi4_threads2.log
MPI,10000,100000,4,32,3.885,199680327.68,1540000.0,,,,3.885e-09,turns1e4_particles1e5_mpi4_threads32.log,logs/mpi_run/turns1e4_particles1e5_mpi4_threads32.log
MPI,10000,100000,4,4,3.418,199680327.68,1540000.0,,,,3.418e-09,turns1e4_particles1e5_mpi4_threads4.log,logs/mpi_run/turns1e4_particles1e5_mpi4_threads4.log
MPI,10000,100000,4,64,14.489,199680327.68,1540000.0,,,,1.4489000000000002e-08,turns1e4_particles1e5_mpi4_threads64.log,logs/mpi_run/turns1e4_particles1e5_mpi4_threads64.log
MPI,10000,100000,4,8,3.547,199680327.68,1540000.0,,,,3.5470000000000003e-09,turns1e4_particles1e5_mpi4_threads8.log,logs/mpi_run/turns1e4_particles1e5_mpi4_threads8.log
MPI,10000,100000,64,1,2.228,487692697.6,6340200.0,,,,2.228e-09,turns1e4_particles1e5_mpi64_threads1.log,logs/mpi_run/turns1e4_particles1e5_mpi64_threads1.log
MPI,10000,100000,64,2,,,,,,,,turns1e4_particles1e5_mpi64_threads2.log,logs/mpi_run/turns1e4_particles1e5_mpi64_threads2.log
MPI,10000,100000,64,4,15.675,487692697.6,6340200.0,,,,1.5675e-08,turns1e4_particles1e5_mpi64_threads4.log,logs/mpi_run/turns1e4_particles1e5_mpi64_threads4.log
MPI,10000,100000,64,8,20.685,487692697.6,6340200.0,,,,2.0685e-08,turns1e4_particles1e5_mpi64_threads8.log,logs/mpi_run/turns1e4_particles1e5_mpi64_threads8.log
MPI,10000,100000,8,1,2.262,218879754.24,1860000.0,,,,2.262e-09,turns1e4_particles1e5_mpi8_threads1.log,logs/mpi_run/turns1e4_particles1e5_mpi8_threads1.log
MPI,10000,100000,8,16,2.66,218879754.24,1860000.0,,,,2.6600000000000003e-09,turns1e4_particles1e5_mpi8_threads16.log,logs/mpi_run/turns1e4_particles1e5_mpi8_threads16.log
MPI,10000,100000,8,2,2.341,218879754.24,1860000.0,,,,2.341e-09,turns1e4_particles1e5_mpi8_threads2.log,logs/mpi_run/turns1e4_particles1e5_mpi8_threads2.log
MPI,10000,100000,8,32,12.685,218879754.24,1860000.0,,,,1.2685e-08,turns1e4_particles1e5_mpi8_threads32.log,logs/mpi_run/turns1e4_particles1e5_mpi8_threads32.log
MPI,10000,100000,8,4,2.4,218879754.24,1860000.0,,,,2.4e-09,turns1e4_particles1e5_mpi8_threads4.log,logs/mpi_run/turns1e4_particles1e5_mpi8_threads4.log
MPI,10000,100000,8,64,19.222,218879754.24,1860000.0,,,,1.9222000000000002e-08,turns1e4_particles1e5_mpi8_threads64.log,logs/mpi_run/turns1e4_particles1e5_mpi8_threads64.log
MPI,10000,100000,8,8,2.629,218879754.24,1860000.0,,,,2.629e-09,turns1e4_particles1e5_mpi8_threads8.log,logs/mpi_run/turns1e4_particles1e5_mpi8_threads8.log
MPI,10000,1000000,16,1,36.059,3017214525.44,21700000.0,,,,3.6058999999999997e-09,turns1e4_particles1e6_mpi16_threads1.log,logs/mpi_run/turns1e4_particles1e6_mpi16_threads1.log
MPI,10000,1000000,16,16,142.487,3017214525.44,21700000.0,,,,1.42487e-08,turns1e4_particles1e6_mpi16_threads16.log,logs/mpi_run/turns1e4_particles1e6_mpi16_threads16.log
MPI,10000,1000000,16,2,23.187,3017214525.44,21700000.0,,,,2.3187000000000003e-09,turns1e4_particles1e6_mpi16_threads2.log,logs/mpi_run/turns1e4_particles1e6_mpi16_threads2.log
MPI,10000,1000000,16,32,182.678,3017214525.44,21700000.0,,,,1.82678e-08,turns1e4_particles1e6_mpi16_threads32.log,logs/mpi_run/turns1e4_particles1e6_mpi16_threads32.log
MPI,10000,1000000,16,4,24.056,3017214525.44,21700000.0,,,,2.4056e-09,turns1e4_particles1e6_mpi16_threads4.log,logs/mpi_run/turns1e4_particles1e6_mpi16_threads4.log
MPI,10000,1000000,16,8,22.992,3017214525.44,21700000.0,,,,2.2992e-09,turns1e4_particles1e6_mpi16_threads8.log,logs/mpi_run/turns1e4_particles1e6_mpi16_threads8.log
MPI,10000,1000000,1,1,156.313,2952790016.0,20500000.0,,,,1.56313e-08,turns1e4_particles1e6_mpi1_threads1.log,logs/mpi_run/turns1e4_particles1e6_mpi1_threads1.log
MPI,10000,1000000,1,128,158.071,2952790016.0,20500000.0,,,,1.58071e-08,turns1e4_particles1e6_mpi1_threads128.log,logs/mpi_run/turns1e4_particles1e6_mpi1_threads128.log
MPI,10000,1000000,1,16,158.291,2952790016.0,20500000.0,,,,1.58291e-08,turns1e4_particles1e6_mpi1_threads16.log,logs/mpi_run/turns1e4_particles1e6_mpi1_threads16.log
MPI,10000,1000000,1,2,159.453,2952790016.0,20500000.0,,,,1.59453e-08,turns1e4_particles1e6_mpi1_threads2.log,logs/mpi_run/turns1e4_particles1e6_mpi1_threads2.log
MPI,10000,1000000,1,32,158.323,2952790016.0,20500000.0,,,,1.5832300000000002e-08,turns1e4_particles1e6_mpi1_threads32.log,logs/mpi_run/turns1e4_particles1e6_mpi1_threads32.log
MPI,10000,1000000,1,4,156.934,2952790016.0,20500000.0,,,,1.56934e-08,turns1e4_particles1e6_mpi1_threads4.log,logs/mpi_run/turns1e4_particles1e6_mpi1_threads4.log
MPI,10000,1000000,1,64,157.604,2952790016.0,20500000.0,,,,1.5760400000000002e-08,turns1e4_particles1e6_mpi1_threads64.log,logs/mpi_run/turns1e4_particles1e6_mpi1_threads64.log
MPI,10000,1000000,1,8,157.14,2952790016.0,20500000.0,,,,1.5713999999999998e-08,turns1e4_particles1e6_mpi1_threads8.log,logs/mpi_run/turns1e4_particles1e6_mpi1_threads8.log
MPI,10000,1000000,2,1,102.121,2952790016.0,20580000.0,,,,1.02121e-08,turns1e4_particles1e6_mpi2_threads1.log,logs/mpi_run/turns1e4_particles1e6_mpi2_threads1.log
MPI,10000,1000000,2,128,177.799,2952790016.0,20580000.0,,,,1.7779900000000002e-08,turns1e4_particles1e6_mpi2_threads128.log,logs/mpi_run/turns1e4_particles1e6_mpi2_threads128.log
MPI,10000,1000000,2,16,88.012,2952790016.0,20580000.0,,,,8.8012e-09,turns1e4_particles1e6_mpi2_threads16.log,logs/mpi_run/turns1e4_particles1e6_mpi2_threads16.log
MPI,10000,1000000,2,2,123.765,2952790016.0,20580000.0,,,,1.23765e-08,turns1e4_particles1e6_mpi2_threads2.log,logs/mpi_run/turns1e4_particles1e6_mpi2_threads2.log
MPI,10000,1000000,2,32,78.491,2952790016.0,20580000.0,,,,7.8491e-09,turns1e4_particles1e6_mpi2_threads32.log,logs/mpi_run/turns1e4_particles1e6_mpi2_threads32.log
MPI,10000,1000000,2,4,88.565,2952790016.0,20580000.0,,,,8.8565e-09,turns1e4_particles1e6_mpi2_threads4.log,logs/mpi_run/turns1e4_particles1e6_mpi2_threads4.log
MPI,10000,1000000,2,64,78.804,2952790016.0,20580000.0,,,,7.8804e-09,turns1e4_particles1e6_mpi2_threads64.log,logs/mpi_run/turns1e4_particles1e6_mpi2_threads64.log
MPI,10000,1000000,2,8,89.437,2952790016.0,20580000.0,,,,8.9437e-09,turns1e4_particles1e6_mpi2_threads8.log,logs/mpi_run/turns1e4_particles1e6_mpi2_threads8.log
MPI,10000,1000000,32,1,21.502,3103113871.36,22980000.0,,,,2.1502e-09,turns1e4_particles1e6_mpi32_threads1.log,logs/mpi_run/turns1e4_particles1e6_mpi32_threads1.log
MPI,10000,1000000,32,16,208.68,3103113871.36,22980000.0,,,,2.0868000000000002e-08,turns1e4_particles1e6_mpi32_threads16.log,logs/mpi_run/turns1e4_particles1e6_mpi32_threads16.log
MPI,10000,1000000,32,2,24.511,3103113871.36,22980000.0,,,,2.4511e-09,turns1e4_particles1e6_mpi32_threads2.log,logs/mpi_run/turns1e4_particles1e6_mpi32_threads2.log
MPI,10000,1000000,32,4,19.751,3103113871.36,22980000.0,,,,1.9751e-09,turns1e4_particles1e6_mpi32_threads4.log,logs/mpi_run/turns1e4_particles1e6_mpi32_threads4.log
MPI,10000,1000000,32,8,195.066,3103113871.36,22980000.0,,,,1.95066e-08,turns1e4_particles1e6_mpi32_threads8.log,logs/mpi_run/turns1e4_particles1e6_mpi32_threads8.log
MPI,10000,1000000,4,1,80.412,2963527434.24,20740000.0,,,,8.0412e-09,turns1e4_particles1e6_mpi4_threads1.log,logs/mpi_run/turns1e4_particles1e6_mpi4_threads1.log
MPI,10000,1000000,4,128,192.509,2963527434.24,20740000.0,,,,1.92509e-08,turns1e4_particles1e6_mpi4_threads128.log,logs/mpi_run/turns1e4_particles1e6_mpi4_threads128.log
MPI,10000,1000000,4,16,44.537,2963527434.24,20740000.0,,,,4.4537e-09,turns1e4_particles1e6_mpi4_threads16.log,logs/mpi_run/turns1e4_particles1e6_mpi4_threads16.log
MPI,10000,1000000,4,2,67.722,2963527434.24,20740000.0,,,,6.7721999999999994e-09,turns1e4_particles1e6_mpi4_threads2.log,logs/mpi_run/turns1e4_particles1e6_mpi4_threads2.log
MPI,10000,1000000,4,32,45.684,2963527434.24,20740000.0,,,,4.5684e-09,turns1e4_particles1e6_mpi4_threads32.log,logs/mpi_run/turns1e4_particles1e6_mpi4_threads32.log
MPI,10000,1000000,4,4,45.14,2963527434.24,20740000.0,,,,4.514e-09,turns1e4_particles1e6_mpi4_threads4.log,logs/mpi_run/turns1e4_particles1e6_mpi4_threads4.log
MPI,10000,1000000,4,64,141.425,2963527434.24,20740000.0,,,,1.41425e-08,turns1e4_particles1e6_mpi4_threads64.log,logs/mpi_run/turns1e4_particles1e6_mpi4_threads64.log
MPI,10000,1000000,4,8,44.828,2963527434.24,20740000.0,,,,4.4828e-09,turns1e4_particles1e6_mpi4_threads8.log,logs/mpi_run/turns1e4_particles1e6_mpi4_threads8.log
MPI,10000,1000000,8,1,61.539,2985002270.72,21060000.0,,,,6.1539000000000004e-09,turns1e4_particles1e6_mpi8_threads1.log,logs/mpi_run/turns1e4_particles1e6_mpi8_threads1.log
MPI,10000,1000000,8,16,29.005,2985002270.72,21060000.0,,,,2.9005e-09,turns1e4_particles1e6_mpi8_threads16.log,logs/mpi_run/turns1e4_particles1e6_mpi8_threads16.log
MPI,10000,1000000,8,2,36.193,2985002270.72,21060000.0,,,,3.6192999999999997e-09,turns1e4_particles1e6_mpi8_threads2.log,logs/mpi_run/turns1e4_particles1e6_mpi8_threads2.log
MPI,10000,1000000,8,32,136.252,2985002270.72,21060000.0,,,,1.36252e-08,turns1e4_particles1e6_mpi8_threads32.log,logs/mpi_run/turns1e4_particles1e6_mpi8_threads32.log
MPI,10000,1000000,8,4,28.488,2985002270.72,21060000.0,,,,2.8488e-09,turns1e4_particles1e6_mpi8_threads4.log,logs/mpi_run/turns1e4_particles1e6_mpi8_threads4.log
MPI,10000,1000000,8,64,170.091,2985002270.72,21060000.0,,,,1.7009100000000002e-08,turns1e4_particles1e6_mpi8_threads64.log,logs/mpi_run/turns1e4_particles1e6_mpi8_threads64.log
MPI,10000,1000000,8,8,29.09,2985002270.72,21060000.0,,,,2.909e-09,turns1e4_particles1e6_mpi8_threads8.log,logs/mpi_run/turns1e4_particles1e6_mpi8_threads8.log
MPI,10000,10000000,16,1,906.339,23665269800.96,165060000.0,,,,9.06339e-09,turns1e4_particles1e7_mpi16_threads1.log,logs/mpi_run/turns1e4_particles1e7_mpi16_threads1.log
MPI,10000,10000000,16,16,999.157,23665269800.96,165060000.0,,,,9.99157e-09,turns1e4_particles1e7_mpi16_threads16.log,logs/mpi_run/turns1e4_particles1e7_mpi16_threads16.log
MPI,10000,10000000,16,2,592.759,23665269800.96,165060000.0,,,,5.92759e-09,turns1e4_particles1e7_mpi16_threads2.log,logs/mpi_run/turns1e4_particles1e7_mpi16_threads2.log
MPI,10000,10000000,16,32,1343.737,23665269800.96,165060000.0,,,,1.343737e-08,turns1e4_particles1e7_mpi16_threads32.log,logs/mpi_run/turns1e4_particles1e7_mpi16_threads32.log
MPI,10000,10000000,16,4,370.649,23665269800.96,165060000.0,,,,3.70649e-09,turns1e4_particles1e7_mpi16_threads4.log,logs/mpi_run/turns1e4_particles1e7_mpi16_threads4.log
MPI,10000,10000000,16,8,282.411,23665269800.96,165060000.0,,,,2.82411e-09,turns1e4_particles1e7_mpi16_threads8.log,logs/mpi_run/turns1e4_particles1e7_mpi16_threads8.log
MPI,10000,10000000,1,1,1816.929,23590107873.28,163860000.0,,,,1.8169290000000002e-08,turns1e4_particles1e7_mpi1_threads1.log,logs/mpi_run/turns1e4_particles1e7_mpi1_threads1.log
MPI,10000,10000000,1,128,1841.835,23590107873.28,163860000.0,,,,1.841835e-08,turns1e4_particles1e7_mpi1_threads128.log,logs/mpi_run/turns1e4_particles1e7_mpi1_threads128.log
MPI,10000,10000000,1,16,1805.609,23590107873.28,163860000.0,,,,1.805609e-08,turns1e4_particles1e7_mpi1_threads16.log,logs/mpi_run/turns1e4_particles1e7_mpi1_threads16.log
MPI,10000,10000000,1,2,1802.495,23590107873.28,163860000.0,,,,1.8024949999999998e-08,turns1e4_particles1e7_mpi1_threads2.log,logs/mpi_run/turns1e4_particles1e7_mpi1_threads2.log
MPI,10000,10000000,1,32,1843.634,23590107873.28,163860000.0,,,,1.843634e-08,turns1e4_particles1e7_mpi1_threads32.log,logs/mpi_run/turns1e4_particles1e7_mpi1_threads32.log
MPI,10000,10000000,1,4,1807.436,23590107873.28,163860000.0,,,,1.807436e-08,turns1e4_particles1e7_mpi1_threads4.log,logs/mpi_run/turns1e4_particles1e7_mpi1_threads4.log
MPI,10000,10000000,1,64,1788.403,23590107873.28,163860000.0,,,,1.788403e-08,turns1e4_particles1e7_mpi1_threads64.log,logs/mpi_run/turns1e4_particles1e7_mpi1_threads64.log
MPI,10000,10000000,1,8,1853.617,23590107873.28,163860000.0,,,,1.853617e-08,turns1e4_particles1e7_mpi1_threads8.log,logs/mpi_run/turns1e4_particles1e7_mpi1_threads8.log
MPI,10000,10000000,2,1,1216.732,23600845291.52,163940000.0,,,,1.216732e-08,turns1e4_particles1e7_mpi2_threads1.log,logs/mpi_run/turns1e4_particles1e7_mpi2_threads1.log
MPI,10000,10000000,2,128,1690.741,23600845291.52,163940000.0,,,,1.690741e-08,turns1e4_particles1e7_mpi2_threads128.log,logs/mpi_run/turns1e4_particles1e7_mpi2_threads128.log
MPI,10000,10000000,2,16,1177.956,23600845291.52,163940000.0,,,,1.1779559999999999e-08,turns1e4_particles1e7_mpi2_threads16.log,logs/mpi_run/turns1e4_particles1e7_mpi2_threads16.log
MPI,10000,10000000,2,2,1232.931,23600845291.52,163940000.0,,,,1.232931e-08,turns1e4_particles1e7_mpi2_threads2.log,logs/mpi_run/turns1e4_particles1e7_mpi2_threads2.log
MPI,10000,10000000,2,32,982.844,23600845291.52,163940000.0,,,,9.82844e-09,turns1e4_particles1e7_mpi2_threads32.log,logs/mpi_run/turns1e4_particles1e7_mpi2_threads32.log
MPI,10000,10000000,2,4,1216.965,23600845291.52,163940000.0,,,,1.2169649999999998e-08,turns1e4_particles1e7_mpi2_threads4.log,logs/mpi_run/turns1e4_particles1e7_mpi2_threads4.log
MPI,10000,10000000,2,64,988.413,23600845291.52,163940000.0,,,,9.88413e-09,turns1e4_particles1e7_mpi2_threads64.log,logs/mpi_run/turns1e4_particles1e7_mpi2_threads64.log
MPI,10000,10000000,2,8,1161.754,23600845291.52,163940000.0,,,,1.1617539999999999e-08,turns1e4_particles1e7_mpi2_threads8.log,logs/mpi_run/turns1e4_particles1e7_mpi2_threads8.log
MPI,10000,10000000,32,1,480.629,23740431728.64,166340000.0,,,,4.80629e-09,turns1e4_particles1e7_mpi32_threads1.log,logs/mpi_run/turns1e4_particles1e7_mpi32_threads1.log
MPI,10000,10000000,32,16,1318.807,23740431728.64,166340000.0,,,,1.318807e-08,turns1e4_particles1e7_mpi32_threads16.log,logs/mpi_run/turns1e4_particles1e7_mpi32_threads16.log
MPI,10000,10000000,32,2,295.03,23740431728.64,166340000.0,,,,2.9502999999999996e-09,turns1e4_particles1e7_mpi32_threads2.log,logs/mpi_run/turns1e4_particles1e7_mpi32_threads2.log
MPI,10000,10000000,32,4,243.312,23740431728.64,166340000.0,,,,2.43312e-09,turns1e4_particles1e7_mpi32_threads4.log,logs/mpi_run/turns1e4_particles1e7_mpi32_threads4.log
MPI,10000,10000000,32,8,967.128,23740431728.64,166340000.0,,,,9.671280000000001e-09,turns1e4_particles1e7_mpi32_threads8.log,logs/mpi_run/turns1e4_particles1e7_mpi32_threads8.log
MPI,10000,10000000,4,1,1045.136,23611582709.76,164100000.0,,,,1.045136e-08,turns1e4_particles1e7_mpi4_threads1.log,logs/mpi_run/turns1e4_particles1e7_mpi4_threads1.log
MPI,10000,10000000,4,128,1739.766,23611582709.76,164100000.0,,,,1.7397660000000002e-08,turns1e4_particles1e7_mpi4_threads128.log,logs/mpi_run/turns1e4_particles1e7_mpi4_threads128.log
MPI,10000,10000000,4,16,808.03,23611582709.76,164100000.0,,,,8.0803e-09,turns1e4_particles1e7_mpi4_threads16.log,logs/mpi_run/turns1e4_particles1e7_mpi4_threads16.log
MPI,10000,10000000,4,2,1050.159,23611582709.76,164100000.0,,,,1.050159e-08,turns1e4_particles1e7_mpi4_threads2.log,logs/mpi_run/turns1e4_particles1e7_mpi4_threads2.log
MPI,10000,10000000,4,32,668.209,23611582709.76,164100000.0,,,,6.68209e-09,turns1e4_particles1e7_mpi4_threads32.log,logs/mpi_run/turns1e4_particles1e7_mpi4_threads32.log
MPI,10000,10000000,4,4,940.523,23611582709.76,164100000.0,,,,9.405230000000001e-09,turns1e4_particles1e7_mpi4_threads4.log,logs/mpi_run/turns1e4_particles1e7_mpi4_threads4.log
MPI,10000,10000000,4,64,1268.645,23611582709.76,164100000.0,,,,1.268645e-08,turns1e4_particles1e7_mpi4_threads64.log,logs/mpi_run/turns1e4_particles1e7_mpi4_threads64.log
MPI,10000,10000000,4,8,795.155,23611582709.76,164100000.0,,,,7.95155e-09,turns1e4_particles1e7_mpi4_threads8.log,logs/mpi_run/turns1e4_particles1e7_mpi4_threads8.log
MPI,10000,10000000,64,1,340.432,23901493002.24,168900000.0,,,,3.40432e-09,turns1e4_particles1e7_mpi64_threads1.log,logs/mpi_run/turns1e4_particles1e7_mpi64_threads1.log
MPI,10000,10000000,64,2,253.333,23901493002.24,168900000.0,,,,2.53333e-09,turns1e4_particles1e7_mpi64_threads2.log,logs/mpi_run/turns1e4_particles1e7_mpi64_threads2.log
MPI,10000,10000000,64,4,880.586,23901493002.24,168900000.0,,,,8.80586e-09,turns1e4_particles1e7_mpi64_threads4.log,logs/mpi_run/turns1e4_particles1e7_mpi64_threads4.log
MPI,10000,10000000,64,8,1460.68,23901493002.24,168900000.0,,,,1.46068e-08,turns1e4_particles1e7_mpi64_threads8.log,logs/mpi_run/turns1e4_particles1e7_mpi64_threads8.log
MPI,10000,10000000,8,1,1038.552,23622320128.0,164420000.0,,,,1.0385519999999999e-08,turns1e4_particles1e7_mpi8_threads1.log,logs/mpi_run/turns1e4_particles1e7_mpi8_threads1.log
MPI,10000,10000000,8,16,406.29,23622320128.0,164420000.0,,,,4.0629e-09,turns1e4_particles1e7_mpi8_threads16.log,logs/mpi_run/turns1e4_particles1e7_mpi8_threads16.log
MPI,10000,10000000,8,2,897.047,23622320128.0,164420000.0,,,,8.97047e-09,turns1e4_particles1e7_mpi8_threads2.log,logs/mpi_run/turns1e4_particles1e7_mpi8_threads2.log
MPI,10000,10000000,8,32,1109.342,23622320128.0,164420000.0,,,,1.109342e-08,turns1e4_particles1e7_mpi8_threads32.log,logs/mpi_run/turns1e4_particles1e7_mpi8_threads32.log
MPI,10000,10000000,8,4,483.643,23622320128.0,164420000.0,,,,4.83643e-09,turns1e4_particles1e7_mpi8_threads4.log,logs/mpi_run/turns1e4_particles1e7_mpi8_threads4.log
MPI,10000,10000000,8,64,1458.994,23622320128.0,164420000.0,,,,1.458994e-08,turns1e4_particles1e7_mpi8_threads64.log,logs/mpi_run/turns1e4_particles1e7_mpi8_threads64.log
MPI,10000,10000000,8,8,489.286,23622320128.0,164420000.0,,,,4.89286e-09,turns1e4_particles1e7_mpi8_threads8.log,logs/mpi_run/turns1e4_particles1e7_mpi8_threads8.log
